Species,Clean.Species.for.mapping,Latitude..Y.N.,Longitude..X.W.
Amandinea dakotensis,Amandinea dakotensis,53.50834,-113.560926
Caliciopsis caliciodes,Caliciopsis caliciodes,53.5875221,-113.6406057
Caliciopsis caliciodes,Caliciopsis caliciodes,53.6080134,-113.5908641
Candelariella antennaria,Candelariella antennaria,53.50834,-113.560926
Candelariella antennaria,Candelariella antennaria,53.54642371,-113.6410278
Candelariella antennaria,Candelariella antennaria,53.54642371,-113.6410278
Candelariella antennaria,Candelariella antennaria,53.54642371,-113.6410278
Candelariella antennaria,Candelariella antennaria,53.54642371,-113.6410278
Candelariella antennaria,Candelariella antennaria,53.54642371,-113.6410278
Candelariella antennaria,Candelariella antennaria,53.61175166,-113.4620638
Candelariella antennaria,Candelariella antennaria,53.61175166,-113.4620638
Candelariella antennaria,Candelariella antennaria,53.64202561,-113.5019252
Candelariella antennaria,Candelariella antennaria,53.590393,-113.5884803
Candelariella antennaria,Candelariella antennaria,53.49379571,-113.5051399
Candelariella antennaria,Candelariella antennaria,53.49379571,-113.5051399
Candelariella antennaria,Candelariella antennaria,53.52076105,-113.4321381
Candelariella antennaria,Candelariella antennaria,53.5275108,-113.5197625
Melanohalea exasperatula,Melanohalea exasperatula,53.52,-113.54
Melanohalea exasperatula,Melanohalea exasperatula,53.5206966,-113.5415333
Melanohalea exasperatula,Melanohalea exasperatula,53.519809,-113.540503
Melanohalea exasperatula,Melanohalea exasperatula,53.52968,-113.564016
Melanohalea exasperatula,Melanohalea exasperatula,53.45069091,-113.474889
Melanohalea exasperatula,Melanohalea exasperatula,53.61413068,-113.4110502
Melanohalea exasperatula,Melanohalea exasperatula,53.6165716,-113.562143
Melanohalea exasperatula,Melanohalea exasperatula,53.50199068,-113.5251662
Melanohalea exasperatula,Melanohalea exasperatula,53.53165756,-113.3216225
Melanohalea exasperatula,Melanohalea exasperatula,53.513197,-113.53866
Peltigera islandica,Peltigera islandica,53.52742,-113.514617
Peltigera leucophlebia,Peltigera leucophlebia,53.52742,-113.514617
Peltigera leucophlebia,Peltigera leucophlebia,53.50229031,-113.592075
Peltigera leucophlebia,Peltigera leucophlebia,53.52968,-113.564016
Peltigera leucophlebia,Peltigera leucophlebia,53.504238,-113.55931
Peltigera leucophlebia,Peltigera leucophlebia,53.500627,-113.576611
Ramalina pollinaria,Ramalina pollinaria,53.52914,-113.5603
Ramalina pollinaria,Ramalina pollinaria,53.52,-113.54
Ramalina pollinaria,Ramalina pollinaria,53.558953,-113.459253
Ramalina pollinaria,Ramalina pollinaria,53.503105,-113.592863
Ramalina pollinaria,Ramalina pollinaria,53.4954916,-113.55983
Ramalina pollinaria,Ramalina pollinaria,53.50344865,-113.5932521
Ramalina pollinaria,Ramalina pollinaria,53.5204448,-113.483612
Ramalina pollinaria,Ramalina pollinaria,53.49549167,-113.5598306
Ramalina pollinaria,Ramalina pollinaria,53.49463333,-113.5603778
Ramalina pollinaria,Ramalina pollinaria,53.52968,-113.564016
Ramalina pollinaria,Ramalina pollinaria,53.4797,-113.594315
